{"Global":{"General":{"Name":"Untitled system","AssessmentPeriodStart":"2017-01-01","AssessmentPeriodEnd":"2018-01-01","Comments":"","Currency":"USD","Country":"Thailand","conv_kwh_co2":0.626742612,"gwp":0,"anyFuelEngines":1},"Water":{"ws_resi_pop":100000,"ws_serv_pop":100000,"ws_nrg_cost":121666.66666666667,"ws_run_cost":243333.33333333334,"Abstraction":{"wsa_vol_conv":12977778,"wsa_nrg_cons":0,"wsa_fuel_typ":0,"wsa_vol_fuel":0,"wsa_nrg_turb":0,"wsa_nrg_pump":0,"wsa_vol_pump":0,"wsa_pmp_head":0,"wsa_sta_head":0,"wsa_main_len":0,"wsa_pmp_type":0,"wsa_pmp_size":0,"wsa_pmp_flow":0,"wsa_pmp_volt":0,"wsa_pmp_amps":0,"wsa_pmp_exff":0},"Treatment":{"wst_vol_trea":12977778,"wst_nrg_cons":1000000,"wst_mass_slu":0,"wst_treatmen":0,"wst_tst_carr":0,"wst_trea_cap":0,"wst_fuel_typ":0,"wst_vol_fuel":0,"wst_vol_pump":0,"wst_nrg_pump":0,"wst_pmp_head":0},"Distribution":{"wsd_nrg_cons":216666.67,"wsd_vol_dist":12977778,"wsd_auth_con":11680000,"wsd_bill_con":11680000,"wsd_fuel_typ":0,"wsd_vol_fuel":0,"wsd_trck_typ":0,"wsd_vol_trck":0,"wsd_deli_pts":0,"wsd_ser_cons":0,"wsd_time_pre":0,"wsd_min_pres":0,"wsd_hi_no_el":0,"wsd_lo_no_el":0,"wsd_av_no_el":0,"wsd_wt_el_no":0,"wsd_vol_pump":12977778,"wsd_nrg_pump":216666.67,"wsd_pmp_size":0,"wsd_sta_head":100,"wsd_pmp_head":145,"wsd_pmp_flow":0.418,"wsd_pmp_volt":4200,"wsd_pmp_amps":122,"wsd_pmp_exff":80,"wsd_main_len":20000}},"Waste":{"ww_resi_pop":100000,"ww_conn_pop":95000,"ww_serv_pop":90000,"ww_onsi_pop":5000,"ww_nrg_cost":243333.33333333334,"ww_run_cost":365000,"Collection":{"wwc_nrg_cons":0,"wwc_vol_conv":17033333,"wwc_bod_pday":40,"wwc_prot_con":20.805,"wwc_fuel_typ":0,"wwc_vol_fuel":0,"wwc_wet_flow":1.0763888888888888,"wwc_dry_flow":0.5401273148148148,"wwc_rain_day":4320000,"wwc_vol_pump":0,"wwc_nrg_pump":0,"wwc_pmp_head":0,"wwc_sta_head":0,"wwc_coll_len":0,"wwc_pmp_flow":0,"wwc_pmp_volt":0,"wwc_pmp_amps":0,"wwc_pmp_exff":0},"Treatment":{"wwt_vol_trea":17033333,"wwt_nrg_cons":2433333.3333333335,"wwt_type_tre":1,"wwt_ch4_efac":0.06,"wwt_bod_infl":1315000,"wwt_bod_effl":131410,"wwt_bod_slud":854900,"wwt_fuel_typ":0,"wwt_vol_fuel":0,"wwt_trea_cap":0,"wwt_tst_cmpl":0,"wwt_tst_cond":0,"wwt_vol_pump":0,"wwt_nrg_pump":0,"wwt_pmp_head":0,"wwt_biog_pro":0,"wwt_ch4_biog":29.5,"wwt_dige_typ":0,"wwt_fuel_dig":0,"wwt_nrg_biog":0,"wwt_biog_val":0,"wwt_mass_slu":488943.408,"wwt_dryw_slu":28357.73632,"wwt_slu_disp":0,"wwt_mass_slu_sto":27357,"wwt_time_slu_sto":1296000,"wwt_mass_slu_comp":0,"wwt_mass_slu_inc":0,"wwt_temp_inc":1023,"wwt_mass_slu_app":0,"wwt_soil_typ":0,"wwt_mass_slu_land":18357.73632,"wwt_slu_type":0,"wwt_mass_slu_stock":0,"wwt_trck_typ":0,"wwt_num_trip":50,"wwt_dist_dis":20000},"Discharge":{"wwd_vol_disc":17033333,"wwd_nrg_cons":0,"wwd_n2o_effl":15,"wwd_vol_nonp":0,"wwd_reus_typ":0,"wwd_fuel_typ":0,"wwd_vol_fuel":0,"wwd_trck_typ":0,"wwd_vol_trck":0,"wwd_vol_pump":0,"wwd_nrg_pump":0,"wwd_pmp_head":0,"wwd_main_len":0}},"Energy":{},"Configuration":{"ActiveStages":{"water":1,"waterAbs":1,"waterTre":1,"waterDis":1,"waste":1,"wasteCol":1,"wasteTre":1,"wasteDis":1},"Units":{},"DataQuality":{},"Selected":{"wwc_prot_con":"Thailand","sludge_estimation_method":"land","gwp_reports_index":"0","wwt_ch4_efac":"Activated Sludge - Minor poorly aerated zones"},"Yes/No":{"wsa_pumping":0,"wwt_producing_biogas":1,"wwt_valorizing_biogas":0,"wwt_sludge_mgmt":1,"wwt_composting":0,"wwt_incineration":0,"wwt_land_application":0,"wwt_landfilling":1,"wwt_stockpiling":0,"wwt_slu_storage":1,"wsd_trucks":0,"wsd_water_eff":1,"wwc_water_eff":1,"wwt_treatment_performance":0,"wwd_pumping":1,"wsa_engines":0,"wst_pumping_efficiency":0,"wsd_pumping":1,"wsd_pumping_efficiency":1,"wsd_opportunities":1,"wwt_trucks":1,"wwd_trucks":1}},"Estimations":{},"UNFCCC":{}},"Substages":{"Water":{"Abstraction":[{"name":"Abstraction 1","wsa_vol_conv":12977778,"wsa_nrg_cons":0,"wsa_fuel_typ":0,"wsa_vol_fuel":0,"wsa_nrg_turb":0,"wsa_nrg_pump":0,"wsa_vol_pump":0,"wsa_pmp_head":0,"wsa_sta_head":0,"wsa_main_len":0,"wsa_pmp_type":0,"wsa_pmp_size":0,"wsa_pmp_flow":0,"wsa_pmp_volt":0,"wsa_pmp_amps":0,"wsa_pmp_exff":0}],"Treatment":[{"name":"Treatment 1","wst_vol_trea":12977778,"wst_nrg_cons":1000000,"wst_mass_slu":0,"wst_treatmen":0,"wst_tst_carr":0,"wst_trea_cap":0,"wst_fuel_typ":0,"wst_vol_fuel":0,"wst_vol_pump":0,"wst_nrg_pump":0,"wst_pmp_head":0}],"Distribution":[{"name":"Distribution 1","wsd_nrg_cons":216666.67,"wsd_vol_dist":12977778,"wsd_auth_con":11680000,"wsd_fuel_typ":0,"wsd_vol_fuel":0,"wsd_trck_typ":0,"wsd_vol_trck":0,"wsd_deli_pts":0,"wsd_ser_cons":0,"wsd_time_pre":0,"wsd_min_pres":0,"wsd_hi_no_el":0,"wsd_lo_no_el":0,"wsd_av_no_el":0,"wsd_wt_el_no":0,"wsd_vol_pump":12977778,"wsd_nrg_pump":216666.67,"wsd_pmp_size":0,"wsd_sta_head":100,"wsd_pmp_head":145,"wsd_pmp_flow":0.418,"wsd_pmp_volt":4200,"wsd_pmp_amps":122,"wsd_pmp_exff":80,"wsd_main_len":20000,"wsd_bill_con":11680000}]},"Waste":{"Collection":[{"name":"Collection 1","wwc_nrg_cons":0,"wwc_vol_conv":17033333,"wwc_bod_pday":40,"wwc_prot_con":20.805,"wwc_fuel_typ":0,"wwc_vol_fuel":0,"wwc_wet_flow":1.0763888888888888,"wwc_dry_flow":0.5401273148148148,"wwc_rain_day":4320000,"wwc_vol_pump":0,"wwc_nrg_pump":0,"wwc_pmp_head":0,"wwc_sta_head":0,"wwc_coll_len":0,"wwc_pmp_flow":0,"wwc_pmp_volt":0,"wwc_pmp_amps":0,"wwc_pmp_exff":0}],"Treatment":[{"name":"Treatment 1","wwt_vol_trea":17033333,"wwt_nrg_cons":2433333.3333333335,"wwt_type_tre":1,"wwt_ch4_efac":0.06,"wwt_bod_infl":1314000,"wwt_bod_effl":131400,"wwt_bod_slud":854100,"wwt_fuel_typ":0,"wwt_vol_fuel":0,"wwt_trea_cap":0,"wwt_tst_cmpl":0,"wwt_tst_cond":0,"wwt_vol_pump":0,"wwt_nrg_pump":0,"wwt_pmp_head":0,"wwt_biog_pro":0,"wwt_ch4_biog":59,"wwt_dige_typ":0,"wwt_fuel_dig":0,"wwt_nrg_biog":0,"wwt_biog_val":0,"wwt_mass_slu":458943.408,"wwt_dryw_slu":18357.73632,"wwt_slu_disp":0,"wwt_mass_slu_sto":18357,"wwt_time_slu_sto":864000,"wwt_mass_slu_comp":0,"wwt_mass_slu_inc":0,"wwt_temp_inc":1023,"wwt_mass_slu_app":0,"wwt_soil_typ":0,"wwt_mass_slu_land":18357.73632,"wwt_slu_type":0,"wwt_mass_slu_stock":0,"wwt_trck_typ":0,"wwt_num_trip":50,"wwt_dist_dis":20000},{"name":"Treatment 2","wwt_vol_trea":0,"wwt_nrg_cons":0,"wwt_type_tre":0,"wwt_ch4_efac":0,"wwt_bod_infl":1000,"wwt_bod_effl":10,"wwt_bod_slud":800,"wwt_fuel_typ":0,"wwt_vol_fuel":0,"wwt_trea_cap":0,"wwt_tst_cmpl":0,"wwt_tst_cond":0,"wwt_vol_pump":0,"wwt_nrg_pump":0,"wwt_pmp_head":0,"wwt_biog_pro":0,"wwt_ch4_biog":0,"wwt_dige_typ":0,"wwt_fuel_dig":0,"wwt_nrg_biog":0,"wwt_biog_val":0,"wwt_mass_slu":30000,"wwt_dryw_slu":10000,"wwt_slu_disp":0,"wwt_mass_slu_sto":9000,"wwt_time_slu_sto":432000,"wwt_mass_slu_comp":0,"wwt_mass_slu_inc":0,"wwt_temp_inc":0,"wwt_mass_slu_app":0,"wwt_soil_typ":0,"wwt_mass_slu_land":0,"wwt_slu_type":0,"wwt_mass_slu_stock":0,"wwt_trck_typ":0,"wwt_num_trip":0,"wwt_dist_dis":0}],"Discharge":[{"name":"Discharge/Reuse 1","wwd_vol_disc":17033333,"wwd_nrg_cons":0,"wwd_n2o_effl":15,"wwd_vol_nonp":0,"wwd_reus_typ":0,"wwd_fuel_typ":0,"wwd_vol_fuel":0,"wwd_trck_typ":0,"wwd_vol_trck":0,"wwd_vol_pump":0,"wwd_nrg_pump":0,"wwd_pmp_head":0,"wwd_main_len":0}]}}}